{
  "tests": [
    {
      "name": "Parte 1 - Genero - Constantes",
      "setup": "",
      "run": "mvn test -DargLine=\"-Dfile.encoding=UTF-8\" -Dtest=\\GeneroTest\\$ConstantesTest",
      "input": "",
      "output": "",
      "comparison": "exact",
      "timeout": 10,
      "points": 1
    },
    {
      "name": "Parte 1 - Mídia - Atributos",
      "setup": "",
      "run": "mvn test -DargLine=\"-Dfile.encoding=UTF-8\" -Dtest=\\MidiaTest\\$AtributosTest",
      "input": "",
      "output": "",
      "comparison": "exact",
      "timeout": 10,
      "points": 1
    },
    {
      "name": "Parte 1 - Mídia - Métodos",
      "setup": "",
      "run": "mvn test -DargLine=\"-Dfile.encoding=UTF-8\" -Dtest=\\MidiaTest\\$MetodosTest",
      "input": "",
      "output": "",
      "comparison": "exact",
      "timeout": 10,
      "points": 1
    },
    {
      "name": "Parte 1 - Mídia - Encapsulamento",
      "setup": "",
      "run": "mvn test -DargLine=\"-Dfile.encoding=UTF-8\" -Dtest=\\MidiaTest\\$EncapsulamentoTest",
      "input": "",
      "output": "",
      "comparison": "exact",
      "timeout": 10,
      "points": 1
    },
    {
      "name": "Parte 1 - Musica - Atributos",
      "setup": "",
      "run": "mvn test -DargLine=\"-Dfile.encoding=UTF-8\" -Dtest=\\MusicaTest\\$AtributosTest",
      "input": "",
      "output": "",
      "comparison": "exact",
      "timeout": 10,
      "points": 1
    },
    {
      "name": "Parte 1 - Musica - Métodos",
      "setup": "",
      "run": "mvn test -DargLine=\"-Dfile.encoding=UTF-8\" -Dtest=\\MusicaTest\\$MetodosTest",
      "input": "",
      "output": "",
      "comparison": "exact",
      "timeout": 10,
      "points": 1
    },
    {
      "name": "Parte 1 - Musica - Encapsulamento",
      "setup": "",
      "run": "mvn test -DargLine=\"-Dfile.encoding=UTF-8\" -Dtest=\\MusicaTest\\$EncapsulamentoTest",
      "input": "",
      "output": "",
      "comparison": "exact",
      "timeout": 10,
      "points": 1
    },
    {
      "name": "Parte 1 - Musica - Método - buscar",
      "setup": "",
      "run": "mvn test -DargLine=\"-Dfile.encoding=UTF-8\" -Dtest=\\school.sptech.parte1.MusicaTest\\$MetodoBuscarTest",
      "input": "",
      "output": "",
      "comparison": "exact",
      "timeout": 10,
      "points": 1
    },
    {
      "name": "Parte 1 - Episodio - Atributos",
      "setup": "",
      "run": "mvn test -DargLine=\"-Dfile.encoding=UTF-8\" -Dtest=\\school.sptech.parte1.EpisodioTest\\$AtributosTest",
      "input": "",
      "output": "",
      "comparison": "exact",
      "timeout": 10,
      "points": 1
    },
    {
      "name": "Parte 1 - Episodio - Métodos",
      "setup": "",
      "run": "mvn test -DargLine=\"-Dfile.encoding=UTF-8\" -Dtest=\\school.sptech.parte1.EpisodioTest\\$MetodosTest",
      "input": "",
      "output": "",
      "comparison": "exact",
      "timeout": 10,
      "points": 1
    },
    {
      "name": "Parte 1 - Episodio - Encapsulamento",
      "setup": "",
      "run": "mvn test -DargLine=\"-Dfile.encoding=UTF-8\" -Dtest=\\school.sptech.parte1.EpisodioTest\\$EncapsulamentoTest",
      "input": "",
      "output": "",
      "comparison": "exact",
      "timeout": 10,
      "points": 1
    },
    {
      "name": "Parte 1 - Episodio - Método - buscar",
      "setup": "",
      "run": "mvn test -DargLine=\"-Dfile.encoding=UTF-8\" -Dtest=\\school.sptech.parte1.EpisodioTest\\$MetodoBuscarTest",
      "input": "",
      "output": "",
      "comparison": "exact",
      "timeout": 10,
      "points": 1
    },
    {
      "name": "Parte 1 - Streaming - Atributos",
      "setup": "",
      "run": "mvn test -DargLine=\"-Dfile.encoding=UTF-8\" -Dtest=\\school.sptech.parte1.StreamingTest\\$AtributosTest",
      "input": "",
      "output": "",
      "comparison": "exact",
      "timeout": 10,
      "points": 1
    },
    {
      "name": "Parte 1 - Streaming - Métodos",
      "setup": "",
      "run": "mvn test -DargLine=\"-Dfile.encoding=UTF-8\" -Dtest=\\school.sptech.parte1.StreamingTest\\$MetodosTest",
      "input": "",
      "output": "",
      "comparison": "exact",
      "timeout": 10,
      "points": 1
    },
    {
      "name": "Parte 1 - Streaming - Encapsulamento",
      "setup": "",
      "run": "mvn test -DargLine=\"-Dfile.encoding=UTF-8\" -Dtest=\\school.sptech.parte1.StreamingTest\\$EncapsulamentoTest",
      "input": "",
      "output": "",
      "comparison": "exact",
      "timeout": 10,
      "points": 1
    },
    {
      "name": "Parte 1 - Streaming - Método - adicionarMidia",
      "setup": "",
      "run": "mvn test -DargLine=\"-Dfile.encoding=UTF-8\" -Dtest=\\school.sptech.parte1.StreamingTest\\$AdicionarMidiaTest",
      "input": "",
      "output": "",
      "comparison": "exact",
      "timeout": 10,
      "points": 1
    },
    {
      "name": "Parte 1 - Streaming - Método - buscarMidia",
      "setup": "",
      "run": "mvn test -DargLine=\"-Dfile.encoding=UTF-8\" -Dtest=\\school.sptech.parte1.StreamingTest\\$BuscarMidiaTest",
      "input": "",
      "output": "",
      "comparison": "exact",
      "timeout": 10,
      "points": 1
    },
    {
      "name": "Parte 1 - Streaming - Método - buscarMusicaPorGenero",
      "setup": "",
      "run": "mvn test -DargLine=\"-Dfile.encoding=UTF-8\" -Dtest=\\school.sptech.parte1.StreamingTest\\$BuscarMusicaPorGeneroTest",
      "input": "",
      "output": "",
      "comparison": "exact",
      "timeout": 10,
      "points": 1
    },
    {
      "name": "Parte 1 - Streaming - Método - getQuantidadeEpisodios",
      "setup": "",
      "run": "mvn test -DargLine=\"-Dfile.encoding=UTF-8\" -Dtest=\\school.sptech.parte1.StreamingTest\\$GetQuantidadeEpisodiosTest",
      "input": "",
      "output": "",
      "comparison": "exact",
      "timeout": 10,
      "points": 1
    },
    {
      "name": "Parte 2 - Avaliavel - Interface",
      "setup": "",
      "run": "mvn test -DargLine=\"-Dfile.encoding=UTF-8\" -Dtest=\\school.sptech.parte2.AvaliavelTest\\$InterfaceTest",
      "input": "",
      "output": "",
      "comparison": "exact",
      "timeout": 10,
      "points": 1
    },
    {
      "name": "Parte 2 - Avaliavel - Métodos",
      "setup": "",
      "run": "mvn test -DargLine=\"-Dfile.encoding=UTF-8\" -Dtest=\\school.sptech.parte2.AvaliavelTest\\$MetodosTest",
      "input": "",
      "output": "",
      "comparison": "exact",
      "timeout": 10,
      "points": 1
    },
    {
      "name": "Parte 2 - Avaliavel - Métodos",
      "setup": "",
      "run": "mvn test -DargLine=\"-Dfile.encoding=UTF-8\" -Dtest=\\school.sptech.parte2.AvaliavelTest\\$MetodosTest",
      "input": "",
      "output": "",
      "comparison": "exact",
      "timeout": 10,
      "points": 1
    },
    {
      "name": "Parte 2 - Episodio - Atributos",
      "setup": "",
      "run": "mvn test -DargLine=\"-Dfile.encoding=UTF-8\" -Dtest=\\school.sptech.parte2.EpisodioTest\\$AtributosTest",
      "input": "",
      "output": "",
      "comparison": "exact",
      "timeout": 10,
      "points": 1
    },
    {
      "name": "Parte 2 - Episodio - Métodos",
      "setup": "",
      "run": "mvn test -DargLine=\"-Dfile.encoding=UTF-8\" -Dtest=\\school.sptech.parte2.EpisodioTest\\$MetodosTest",
      "input": "",
      "output": "",
      "comparison": "exact",
      "timeout": 10,
      "points": 1
    },
    {
      "name": "Parte 2 - Episodio - Encapsulamento",
      "setup": "",
      "run": "mvn test -DargLine=\"-Dfile.encoding=UTF-8\" -Dtest=\\school.sptech.parte2.EpisodioTest\\$EncapsulamentoTest",
      "input": "",
      "output": "",
      "comparison": "exact",
      "timeout": 10,
      "points": 1
    },
    {
      "name": "Parte 2 - Episodio - Método - avaliar",
      "setup": "",
      "run": "mvn test -DargLine=\"-Dfile.encoding=UTF-8\" -Dtest=\\school.sptech.parte2.EpisodioTest\\$MetodoBuscarTest",
      "input": "",
      "output": "",
      "comparison": "exact",
      "timeout": 10,
      "points": 1
    },
    {
      "name": "Parte 2 - Episodio - Método - calcularMedia",
      "setup": "",
      "run": "mvn test -DargLine=\"-Dfile.encoding=UTF-8\" -Dtest=\\school.sptech.parte2.EpisodioTest\\$MetodoCalcularMediaTest",
      "input": "",
      "output": "",
      "comparison": "exact",
      "timeout": 10,
      "points": 1
    },
    {
      "name": "Parte 2 - Playlist - Atributos",
      "setup": "",
      "run": "mvn test -DargLine=\"-Dfile.encoding=UTF-8\" -Dtest=\\school.sptech.parte2.PlaylistTest\\$AtributosTest",
      "input": "",
      "output": "",
      "comparison": "exact",
      "timeout": 10,
      "points": 1
    },
    {
      "name": "Parte 2 - Playlist - Métodos",
      "setup": "",
      "run": "mvn test -DargLine=\"-Dfile.encoding=UTF-8\" -Dtest=\\school.sptech.parte2.PlaylistTest\\$MetodosTest",
      "input": "",
      "output": "",
      "comparison": "exact",
      "timeout": 10,
      "points": 1
    },
    {
      "name": "Parte 2 - Playlist - Encapsulamento",
      "setup": "",
      "run": "mvn test -DargLine=\"-Dfile.encoding=UTF-8\" -Dtest=\\school.sptech.parte2.PlaylistTest\\$EncapsulamentoTest",
      "input": "",
      "output": "",
      "comparison": "exact",
      "timeout": 10,
      "points": 1
    },
    {
      "name": "Parte 2 - Playlist - Método - adicionarMusica",
      "setup": "",
      "run": "mvn test -DargLine=\"-Dfile.encoding=UTF-8\" -Dtest=\\school.sptech.parte2.PlaylistTest\\$MetodoAdicionarMusicaTest",
      "input": "",
      "output": "",
      "comparison": "exact",
      "timeout": 10,
      "points": 1
    },
    {
      "name": "Parte 2 - Playlist - Método - calcularDuracaoMinutos",
      "setup": "",
      "run": "mvn test -DargLine=\"-Dfile.encoding=UTF-8\" -Dtest=\\school.sptech.parte2.PlaylistTest\\$MetodoCalcularDuracaoMinutosTest",
      "input": "",
      "output": "",
      "comparison": "exact",
      "timeout": 10,
      "points": 1
    },
    {
      "name": "Parte 2 - Playlist - Método - avaliar",
      "setup": "",
      "run": "mvn test -DargLine=\"-Dfile.encoding=UTF-8\" -Dtest=\\school.sptech.parte2.PlaylistTest\\$MetodoReceberPublicacaoTest",
      "input": "",
      "output": "",
      "comparison": "exact",
      "timeout": 10,
      "points": 1
    },
    {
      "name": "Parte 2 - Playlist - Método - calcularMedia",
      "setup": "",
      "run": "mvn test -DargLine=\"-Dfile.encoding=UTF-8\" -Dtest=\\school.sptech.parte2.PlaylistTest\\$MetodoCalcularMediaTest",
      "input": "",
      "output": "",
      "comparison": "exact",
      "timeout": 10,
      "points": 1
    },
    {
      "name": "Parte 2 - Streaming - Atributos",
      "setup": "",
      "run": "mvn test -DargLine=\"-Dfile.encoding=UTF-8\" -Dtest=\\school.sptech.parte2.StreamingTest\\$AtributosTest",
      "input": "",
      "output": "",
      "comparison": "exact",
      "timeout": 10,
      "points": 1
    },
    {
      "name": "Parte 2 - Streaming - Métodos",
      "setup": "",
      "run": "mvn test -DargLine=\"-Dfile.encoding=UTF-8\" -Dtest=\\school.sptech.parte2.StreamingTest\\$MetodosTest",
      "input": "",
      "output": "",
      "comparison": "exact",
      "timeout": 10,
      "points": 1
    },
    {
      "name": "Parte 2 - Streaming - Encapsulamento",
      "setup": "",
      "run": "mvn test -DargLine=\"-Dfile.encoding=UTF-8\" -Dtest=\\school.sptech.parte2.StreamingTest\\$EncapsulamentoTest",
      "input": "",
      "output": "",
      "comparison": "exact",
      "timeout": 10,
      "points": 1
    },
    {
      "name": "Parte 2 - Streaming - Método - adicionarPlaylist",
      "setup": "",
      "run": "mvn test -DargLine=\"-Dfile.encoding=UTF-8\" -Dtest=\\school.sptech.parte2.StreamingTest\\$AdicionarPlaylistTest",
      "input": "",
      "output": "",
      "comparison": "exact",
      "timeout": 10,
      "points": 1
    },
    {
      "name": "Parte 2 - Streaming - Método - adicionarMusicaNaPlaylist",
      "setup": "",
      "run": "mvn test -DargLine=\"-Dfile.encoding=UTF-8\" -Dtest=\\school.sptech.parte2.StreamingTest\\$AdicionarMusicaNaPlaylistTest",
      "input": "",
      "output": "",
      "comparison": "exact",
      "timeout": 10,
      "points": 1
    },
    {
      "name": "Parte 2 - Streaming - Método - avaliarMidia",
      "setup": "",
      "run": "mvn test -DargLine=\"-Dfile.encoding=UTF-8\" -Dtest=\\school.sptech.parte2.StreamingTest\\$AvaliarMidiaTest",
      "input": "",
      "output": "",
      "comparison": "exact",
      "timeout": 10,
      "points": 1
    },
    {
      "name": "Parte 2 - Streaming - Método - avaliarPlaylist",
      "setup": "",
      "run": "mvn test -DargLine=\"-Dfile.encoding=UTF-8\" -Dtest=\\school.sptech.parte2.StreamingTest\\$AvaliarPlaylistTest",
      "input": "",
      "output": "",
      "comparison": "exact",
      "timeout": 10,
      "points": 1
    },
    {
      "name": "Parte 2 - Streaming - Método - buscarPorMediaMaior",
      "setup": "",
      "run": "mvn test -DargLine=\"-Dfile.encoding=UTF-8\" -Dtest=\\school.sptech.parte2.StreamingTest\\$BuscarPorMediaMaiorTest",
      "input": "",
      "output": "",
      "comparison": "exact",
      "timeout": 10,
      "points": 1
    }
  ]
}